Age,Marks,Study_Hours,Pass
21,94.9,9.4,1
18,81.9,8.9,1
27,77.1,6.0,1
29,99.6,9.2,1
25,33.5,0.9,0
22,28.7,2.0,0
27,35.2,0.5,0
19,35.2,3.3,0
21,55.9,3.9,1
24,59.1,2.7,1
17,78.5,8.3,1
21,44.3,3.6,1
25,43.2,2.8,1
25,59.2,5.4,1
22,18.8,1.4,0
19,84.5,8.0,1
18,17.1,0.7,0
22,100.0,9.9,1
22,74.2,7.7,1
17,48.4,2.0,1
20,14.5,0.1,0
19,83.0,8.2,1
16,83.3,7.1,1
22,68.6,7.3,1
26,83.4,7.7,1
28,36.1,0.7,0
20,35.9,3.6,0
16,31.1,1.2,0
26,90.9,8.6,1
19,75.9,6.2,1
15,36.5,3.3,0
26,14.2,0.6,0
24,49.0,3.1,1
20,48.8,3.3,1
27,80.4,7.3,1
26,74.0,6.4,1
23,85.8,8.9,1
15,59.5,4.7,1
25,31.9,1.2,0
25,71.1,7.1,1
29,95.7,7.6,1
24,68.6,5.6,1
26,72.1,7.7,1
26,64.5,4.9,1
29,53.8,5.2,1
28,60.7,4.3,1
28,31.7,0.3,0
29,22.2,1.1,0
28,30.1,0.3,0
17,74.5,6.4,1
26,51.4,3.1,1
21,76.0,5.1,1
18,90.8,9.1,1
23,34.0,2.5,0
17,45.7,4.1,1
19,74.3,7.6,1
17,37.8,2.3,0
21,29.1,0.8,0
19,45.4,2.9,1
23,39.4,1.6,0
21,94.5,9.3,1
16,96.4,8.1,1
18,68.3,6.3,1
23,100.0,8.7,1
26,89.0,8.0,1
28,28.3,1.9,0
16,82.6,8.9,1
24,67.1,5.4,1
23,83.0,8.1,1
24,97.7,9.0,1
19,49.4,3.2,1
16,28.2,1.1,0
18,31.6,2.3,0
26,42.3,4.3,1
29,82.0,8.2,1
26,95.7,8.6,1
21,22.5,0.1,0
26,50.8,5.1,1
27,55.0,4.2,1
22,40.7,2.2,1
29,22.5,1.2,0
17,48.4,3.4,1
28,95.7,9.4,1
15,36.5,3.2,0
18,64.5,5.2,1
16,80.5,7.0,1
22,57.5,3.6,1
18,100.0,9.7,1
16,85.8,9.6,1
28,32.5,2.5,0
20,64.1,5.0,1
20,48.1,3.0,1
24,46.5,2.8,1
18,54.0,0.4,1
20,73.4,6.1,1
27,69.1,5.0,1
29,31.6,0.5,0
16,47.6,2.8,1
24,90.3,9.1,1
26,45.3,2.4,1
