Date,Company,Close
2026-07-01,ABC Ltd,150.0
2026-07-02,ABC Ltd,150.8
2026-07-03,ABC Ltd,150.64
2026-07-06,ABC Ltd,151.66
2026-07-07,ABC Ltd,153.99
2026-07-08,ABC Ltd,153.69
2026-07-09,ABC Ltd,153.39
2026-07-10,ABC Ltd,155.81
2026-07-13,ABC Ltd,157.01
2026-07-14,ABC Ltd,156.36
2026-07-15,ABC Ltd,157.22
2026-07-16,ABC Ltd,156.58
2026-07-17,ABC Ltd,155.93
2026-07-20,ABC Ltd,156.34
2026-07-21,ABC Ltd,153.52
2026-07-22,ABC Ltd,150.98
2026-07-23,ABC Ltd,150.19
2026-07-24,ABC Ltd,148.72
2026-07-27,ABC Ltd,149.24
2026-07-28,ABC Ltd,147.93
2026-07-29,ABC Ltd,145.86
2026-07-30,ABC Ltd,148.11
2026-07-31,ABC Ltd,147.82
