Animal,Weight,Height,Age,Food_Per_Day
Elephant,1129.9,321.02,25,74.65
Zebra,306.98,151.73,7,8.54
Cow,523.05,152.74,8,16.08
Elephant,1288.98,310.28,26,85.29
Tiger,223.42,116.53,5,7.56
Dog,18.7,54.64,5,2.33
Horse,378.74,167.67,11,9.34
Tiger,218.61,113.91,5,8.39
Rabbit,2.18,19.6,1,0.19
Cat,4.91,32.81,5,0.58
Zebra,347.5,137.48,8,7.44
Zebra,330.58,142.36,5,8.82
Horse,372.45,174.72,14,8.85
Dog,21.15,50.78,7,2.13
Goat,62.74,71.89,4,1.86
Dog,21.15,46.97,5,1.98
Goat,52.88,64.59,6,1.75
Sheep,72.88,77.85,6,2.52
Goat,53.32,72.95,2,2.2
Goat,55.1,76.59,5,2.14
Giraffe,717.35,494.05,14,34.39
Horse,373.97,183.85,13,10.26
Rabbit,1.85,20.78,1,0.18
Cow,474.71,146.98,10,16.54
Deer,75.04,107.38,4,2.95
Goat,56.58,65.13,6,1.94
Sheep,65.82,68.07,5,2.17
Deer,73.66,104.91,2,3.16
Lion,220.49,125.72,8,9.41
Elephant,1157.56,324.15,24,75.22
Kangaroo,79.7,111.66,8,3.52
Deer,73.11,104.51,3,2.62
Horse,355.67,183.48,13,11.21
Goat,65.2,72.59,3,2.15
Cat,5.39,28.13,1,0.58
Cow,485.1,139.03,9,15.03
Sheep,70.7,70.2,3,2.87
Cat,5.49,28.14,2,0.59
Sheep,85.81,79.41,3,2.77
Kangaroo,87.83,130.13,6,4.58
Giraffe,864.11,475.47,16,29.45
Kangaroo,102.01,128.61,4,3.57
Goat,54.0,65.22,4,2.1
Rabbit,2.3,21.43,1,0.22
Elephant,1371.93,301.03,24,81.73
Lion,245.31,110.26,8,8.25
Kangaroo,76.79,113.73,4,4.39
Zebra,387.84,131.32,7,8.01
Zebra,368.82,139.8,7,8.63
Giraffe,813.1,544.06,13,30.04
Horse,418.69,184.24,10,8.96
Horse,404.78,153.72,12,9.36
Tiger,228.26,113.78,9,7.84
Kangaroo,88.87,126.12,5,3.79
Monkey,34.12,63.46,7,1.34
Cat,5.59,29.64,3,0.68
Dog,22.75,48.81,5,2.12
Tiger,196.51,113.54,7,7.19
Horse,450.66,177.2,12,9.7
Elephant,1030.58,318.83,24,75.66
Kangaroo,92.72,119.3,8,4.04
Sheep,64.34,76.94,3,2.83
Dog,19.03,54.12,5,1.83
Elephant,1219.54,299.04,24,81.65
Goat,53.21,75.49,2,1.92
Horse,376.22,173.27,12,9.91
Deer,66.65,100.97,2,3.44
Dog,17.64,46.62,6,2.32
Cow,561.64,157.94,8,14.96
Giraffe,766.14,481.38,15,30.53
Panda,87.93,86.23,9,11.84
Cat,5.6,31.23,5,0.66
Goat,59.94,68.91,4,1.82
Kangaroo,85.54,127.66,4,3.43
Monkey,37.37,55.74,6,1.66
Kangaroo,76.69,123.22,6,4.29
Dog,18.98,51.98,6,2.39
Horse,379.89,157.89,13,10.8
Zebra,394.28,131.57,9,7.64
Deer,66.31,104.31,5,2.82
Sheep,65.81,68.29,4,2.61
Monkey,39.61,65.86,6,1.68
Lion,282.51,125.5,10,10.2
Panda,112.9,82.2,10,12.77
Panda,93.63,77.21,11,13.2
Zebra,338.22,128.36,7,8.75
Elephant,1230.87,288.26,26,81.36
Zebra,328.17,147.82,9,8.52
Giraffe,821.03,492.48,16,29.85
Cow,473.18,153.9,7,14.08
Horse,349.97,159.14,13,9.03
Horse,417.36,184.66,14,9.48
Monkey,29.94,62.75,4,1.35
Tiger,240.89,113.28,6,7.5
Rabbit,1.89,18.85,1,0.18
Tiger,192.9,108.21,7,9.11
Lion,234.79,116.42,9,9.27
Dog,17.56,51.83,5,2.41
Deer,66.69,96.32,2,3.12
Kangaroo,100.33,122.05,7,3.53
Horse,352.9,180.0,12,10.39
Kangaroo,86.15,123.33,5,4.59
Panda,105.2,81.9,11,12.87
Panda,102.12,79.9,9,10.28
Elephant,1071.88,292.95,25,85.89
Tiger,194.44,114.09,5,8.16
Dog,20.0,46.62,6,1.91
Cow,427.95,158.24,11,14.24
Cow,530.46,163.21,7,13.15
Elephant,1303.48,297.06,26,86.03
Cow,533.49,157.79,7,13.46
Giraffe,680.87,468.17,13,31.83
Deer,63.0,96.98,4,2.65
Deer,60.47,109.19,5,2.87
Kangaroo,97.32,113.14,8,4.14
Lion,223.19,122.47,9,10.04
Tiger,221.89,111.92,5,8.02
Lion,249.83,126.35,6,10.33
Cat,5.04,27.75,2,0.68
Horse,384.48,181.25,10,11.19
Tiger,227.35,118.76,5,7.57
Giraffe,844.62,482.77,15,28.22
Cat,4.52,29.25,3,0.59
Panda,102.07,78.02,12,13.49
Dog,19.55,54.84,5,2.21
Zebra,299.82,144.95,7,8.5
Lion,233.48,118.43,7,8.43
Panda,112.78,76.52,12,11.93
Panda,86.44,75.08,9,11.96
Elephant,1261.54,312.35,27,84.25
Deer,59.62,102.79,5,2.99
Elephant,1051.52,295.07,24,76.47
Deer,69.79,92.21,4,3.32
Rabbit,2.19,21.84,3,0.18
Sheep,79.4,72.21,4,2.17
Dog,20.2,49.18,5,2.35
Rabbit,2.1,20.81,1,0.21
Tiger,239.83,102.78,8,7.16
Monkey,36.95,57.76,5,1.31
Lion,226.4,108.59,10,8.84
Rabbit,1.86,21.71,1,0.21
Horse,402.41,167.05,13,11.05
Elephant,1078.07,307.83,23,89.12
Cow,449.5,145.13,9,13.09
Panda,86.53,86.55,9,11.98
Giraffe,781.1,521.46,14,29.62
Dog,18.91,50.92,6,1.89
Sheep,85.95,75.47,5,2.38
Lion,251.12,108.39,9,8.22
Goat,51.34,73.18,4,1.86
