text,source
"RCB fans celebrate a thrilling final over",sample
"Great innings and brilliant bowling tonight",sample
"Umpire decision changed the match",sample
"What a chase by the home team",sample
"Disappointed with the dropped catches",sample
"The captain handled pressure well",sample
"A close game that went to the last ball",sample
"The pitch helped the spinners today",sample
"Amazing atmosphere at the stadium",sample
"Rain interruption made the game difficult",sample
"The opener scored a quick half century",sample
"Bowling at the death was excellent",sample
